X,Y,Value
4595,467,255
4596,467,255
4158,468,255
4159,468,255
4160,468,255
4161,468,255
4172,468,255
4173,468,255
4174,468,255
4175,468,255
4176,468,255
4177,468,255
4178,468,255
4179,468,255
4180,468,255
4181,468,255
4182,468,255
4183,468,255
4184,468,255
4185,468,255
4186,468,255
4187,468,255
4188,468,255
4189,468,255
4190,468,255
4191,468,255
4192,468,255
4193,468,255
4194,468,255
4195,468,255
4196,468,255
4197,468,255
4198,468,255
4199,468,255
4200,468,255
4201,468,255
4202,468,255
4203,468,255
4204,468,255
4205,468,255
4206,468,255
4207,468,255
4208,468,255
4209,468,255
4210,468,255
4211,468,255
4212,468,255
4213,468,255
4214,468,255
4215,468,255
4216,468,255
4217,468,255
4218,468,255
4219,468,255
4220,468,255
4221,468,255
4222,468,255
4223,468,255
4224,468,255
4225,468,255
4226,468,255
4227,468,255
4228,468,255
4229,468,255
4230,468,255
4231,468,255
4232,468,255
4233,468,255
4234,468,255
4235,468,255
4236,468,255
4237,468,255
4238,468,255
4239,468,255
4240,468,255
4241,468,255
4242,468,255
4243,468,255
4244,468,255
4245,468,255
4246,468,255
4247,468,255
4248,468,255
4249,468,255
4250,468,255
4251,468,255
4252,468,255
4253,468,255
4254,468,255
4255,468,255
4256,468,255
4257,468,255
4258,468,255
4259,468,255
4260,468,255
4261,468,255
4262,468,255
4263,468,255
4264,468,255
4265,468,255
4266,468,255
4267,468,255
4268,468,255
4269,468,255
4270,468,255
4271,468,255
4272,468,255
4273,468,255
4274,468,255
4275,468,255
4276,468,255
4277,468,255
4278,468,255
4279,468,255
4280,468,255
4281,468,255
4282,468,255
4283,468,255
4284,468,255
4285,468,255
4286,468,255
4287,468,255
4288,468,255
4289,468,255
4290,468,255
4291,468,255
4292,468,255
4293,468,255
4294,468,255
4295,468,255
4296,468,255
4297,468,255
4298,468,255
4299,468,255
4300,468,255
4301,468,255
4302,468,255
4303,468,255
4304,468,255
4305,468,255
4306,468,255
4307,468,255
4308,468,255
4309,468,255
4310,468,255
4311,468,255
4312,468,255
4313,468,255
4314,468,255
4315,468,255
4316,468,255
4317,468,255
4318,468,255
4319,468,255
4320,468,255
4321,468,255
4322,468,255
4323,468,255
4324,468,255
4325,468,255
4326,468,255
4327,468,255
4328,468,255
4329,468,255
4330,468,255
4331,468,255
4332,468,255
4333,468,255
4334,468,255
4335,468,255
4336,468,255
4337,468,255
4338,468,255
4339,468,255
4340,468,255
4341,468,255
4342,468,255
4343,468,255
4344,468,255
4345,468,255
4346,468,255
4347,468,255
4348,468,255
4349,468,255
4350,468,255
4351,468,255
4352,468,255
4353,468,255
4354,468,255
4355,468,255
4356,468,255
4357,468,255
4358,468,255
4359,468,255
4360,468,255
4361,468,255
4362,468,255
4363,468,255
4364,468,255
4365,468,255
4366,468,255
4367,468,255
4368,468,255
4369,468,255
4370,468,255
4371,468,255
4372,468,255
4373,468,255
4374,468,255
4375,468,255
4376,468,255
4377,468,255
4378,468,255
4379,468,255
4380,468,255
4381,468,255
4382,468,255
4383,468,255
4384,468,255
4385,468,255
4386,468,255
4387,468,255
4388,468,255
4389,468,255
4390,468,255
4391,468,255
4392,468,255
4393,468,255
4394,468,255
4395,468,255
4396,468,255
4397,468,255
4398,468,255
4399,468,255
4400,468,255
4401,468,255
4402,468,255
4403,468,255
4404,468,255
4405,468,255
4406,468,255
4407,468,255
4408,468,255
4409,468,255
4410,468,255
4411,468,255
4412,468,255
4413,468,255
4414,468,255
4415,468,255
4416,468,255
4417,468,255
4418,468,255
4419,468,255
4420,468,255
4421,468,255
4422,468,255
4423,468,255
4424,468,255
4425,468,255
4426,468,255
4427,468,255
4428,468,255
4429,468,255
4430,468,255
4431,468,255
4432,468,255
4433,468,255
4434,468,255
4435,468,255
4436,468,255
4437,468,255
4438,468,255
4439,468,255
4440,468,255
4441,468,255
4442,468,255
4443,468,255
4444,468,255
4445,468,255
4446,468,255
4447,468,255
4448,468,255
4449,468,255
4450,468,255
4451,468,255
4452,468,255
4453,468,255
4454,468,255
4455,468,255
4456,468,255
4457,468,255
4458,468,255
4459,468,255
4460,468,255
4461,468,255
4462,468,255
4463,468,255
4464,468,255
4465,468,255
4466,468,255
4467,468,255
4468,468,255
4469,468,255
4470,468,255
4471,468,255
4472,468,255
4473,468,255
4474,468,255
4475,468,255
4476,468,255
4477,468,255
4478,468,255
4479,468,255
4480,468,255
4481,468,255
4482,468,255
4483,468,255
4484,468,255
4485,468,255
4486,468,255
4487,468,255
4488,468,255
4489,468,255
4490,468,255
4491,468,255
4492,468,255
4493,468,255
4494,468,255
4495,468,255
4496,468,255
4497,468,255
4498,468,255
4499,468,255
4500,468,255
4501,468,255
4502,468,255
4503,468,255
4504,468,255
4505,468,255
4506,468,255
4507,468,255
4508,468,255
4509,468,255
4510,468,255
4511,468,255
4512,468,255
4513,468,255
4514,468,255
4515,468,255
4516,468,255
4517,468,255
4518,468,255
4519,468,255
4520,468,255
4521,468,255
4522,468,255
4523,468,255
4524,468,255
4525,468,255
4526,468,255
4527,468,255
4528,468,255
4529,468,255
4530,468,255
4531,468,255
4532,468,255
4533,468,255
4534,468,255
4535,468,255
4536,468,255
4537,468,255
4538,468,255
4539,468,255
4540,468,255
4541,468,255
4542,468,255
4543,468,255
4544,468,255
4545,468,255
4546,468,255
4547,468,255
4548,468,255
4549,468,255
4550,468,255
4551,468,255
4552,468,255
4553,468,255
4554,468,255
4555,468,255
4556,468,255
4557,468,255
4558,468,255
4559,468,255
4560,468,255
4561,468,255
4562,468,255
4563,468,255
4564,468,255
4565,468,255
4566,468,255
4567,468,255
4568,468,255
4569,468,255
4570,468,255
4571,468,255
4572,468,255
4573,468,255
4574,468,255
4575,468,255
4576,468,255
4577,468,255
4578,468,255
4579,468,255
4580,468,255
4581,468,255
4582,468,255
4583,468,255
4584,468,255
4585,468,255
4586,468,255
4587,468,255
4588,468,255
4589,468,255
4590,468,255
4591,468,255
4592,468,255
4593,468,255
4594,468,255
4595,468,255
3731,469,255
3732,469,255
3733,469,255
3734,469,255
3735,469,255
3736,469,255
3737,469,255
3738,469,255
3739,469,255
3740,469,255
3741,469,255
3742,469,255
3743,469,255
3744,469,255
3745,469,255
3746,469,255
3747,469,255
3748,469,255
3749,469,255
3750,469,255
3751,469,255
3752,469,255
3753,469,255
3754,469,255
3755,469,255
3756,469,255
3757,469,255
3758,469,255
3759,469,255
3760,469,255
3761,469,255
3762,469,255
3763,469,255
3764,469,255
3765,469,255
3766,469,255
3767,469,255
3768,469,255
3769,469,255
3770,469,255
3771,469,255
3772,469,255
3773,469,255
3774,469,255
3775,469,255
3776,469,255
3777,469,255
3778,469,255
3779,469,255
3780,469,255
3781,469,255
3782,469,255
3783,469,255
3784,469,255
3785,469,255
3786,469,255
3787,469,255
3788,469,255
3789,469,255
3790,469,255
3791,469,255
3792,469,255
3793,469,255
3794,469,255
3795,469,255
3796,469,255
3797,469,255
3798,469,255
3799,469,255
3800,469,255
3801,469,255
3802,469,255
3803,469,255
3804,469,255
3805,469,255
3806,469,255
3807,469,255
3808,469,255
3809,469,255
3810,469,255
3811,469,255
3812,469,255
3813,469,255
3814,469,255
3815,469,255
3816,469,255
3817,469,255
3818,469,255
3819,469,255
3820,469,255
3821,469,255
3822,469,255
3823,469,255
3824,469,255
3825,469,255
3826,469,255
3827,469,255
3828,469,255
3829,469,255
3830,469,255
3831,469,255
3832,469,255
3833,469,255
3834,469,255
3835,469,255
3836,469,255
3837,469,255
3838,469,255
3839,469,255
3840,469,255
3841,469,255
3842,469,255
3843,469,255
3844,469,255
3845,469,255
3846,469,255
3847,469,255
3848,469,255
3849,469,255
3850,469,255
3851,469,255
3852,469,255
3853,469,255
3854,469,255
3855,469,255
3856,469,255
3857,469,255
3858,469,255
3859,469,255
3860,469,255
3861,469,255
3862,469,255
3863,469,255
3864,469,255
3865,469,255
3866,469,255
3867,469,255
3868,469,255
3869,469,255
3870,469,255
3871,469,255
3872,469,255
3873,469,255
3874,469,255
3875,469,255
3876,469,255
3877,469,255
3878,469,255
3879,469,255
3880,469,255
3881,469,255
3882,469,255
3883,469,255
3884,469,255
3885,469,255
3886,469,255
3887,469,255
3888,469,255
3889,469,255
3890,469,255
3891,469,255
3892,469,255
3893,469,255
3894,469,255
3895,469,255
3896,469,255
3897,469,255
3898,469,255
3899,469,255
3900,469,255
3901,469,255
3902,469,255
3903,469,255
3904,469,255
3905,469,255
3906,469,255
3907,469,255
3908,469,255
3909,469,255
3910,469,255
3911,469,255
3912,469,255
3913,469,255
3914,469,255
3915,469,255
3916,469,255
3917,469,255
3918,469,255
3919,469,255
3920,469,255
3921,469,255
3922,469,255
3923,469,255
3924,469,255
3925,469,255
3926,469,255
3927,469,255
3928,469,255
3929,469,255
3930,469,255
3931,469,255
3932,469,255
3933,469,255
3934,469,255
3935,469,255
3936,469,255
3937,469,255
3938,469,255
3939,469,255
3940,469,255
3941,469,255
3942,469,255
3943,469,255
3944,469,255
3945,469,255
3946,469,255
3947,469,255
3948,469,255
3949,469,255
3950,469,255
3951,469,255
3952,469,255
3953,469,255
3954,469,255
3955,469,255
3956,469,255
3957,469,255
3958,469,255
3959,469,255
3960,469,255
3961,469,255
3962,469,255
3963,469,255
3964,469,255
3965,469,255
3966,469,255
3967,469,255
3968,469,255
3969,469,255
3970,469,255
3971,469,255
3972,469,255
3973,469,255
3974,469,255
3975,469,255
3976,469,255
3977,469,255
3978,469,255
3979,469,255
3980,469,255
3981,469,255
3982,469,255
3983,469,255
3984,469,255
3985,469,255
3986,469,255
3987,469,255
3988,469,255
3989,469,255
3990,469,255
3991,469,255
3992,469,255
3993,469,255
3994,469,255
3995,469,255
3996,469,255
3997,469,255
3998,469,255
3999,469,255
4000,469,255
4001,469,255
4002,469,255
4003,469,255
4004,469,255
4005,469,255
4006,469,255
4007,469,255
4008,469,255
4009,469,255
4010,469,255
4011,469,255
4012,469,255
4013,469,255
4014,469,255
4015,469,255
4016,469,255
4017,469,255
4018,469,255
4019,469,255
4020,469,255
4021,469,255
4022,469,255
4023,469,255
4024,469,255
4025,469,255
4026,469,255
4027,469,255
4028,469,255
4029,469,255
4030,469,255
4031,469,255
4032,469,255
4033,469,255
4034,469,255
4035,469,255
4036,469,255
4037,469,255
4038,469,255
4039,469,255
4040,469,255
4041,469,255
4042,469,255
4043,469,255
4044,469,255
4045,469,255
4046,469,255
4047,469,255
4048,469,255
4049,469,255
4050,469,255
4051,469,255
4052,469,255
4053,469,255
4054,469,255
4055,469,255
4056,469,255
4057,469,255
4058,469,255
4059,469,255
4060,469,255
4061,469,255
4062,469,255
4063,469,255
4064,469,255
4065,469,255
4066,469,255
4067,469,255
4068,469,255
4069,469,255
4070,469,255
4071,469,255
4072,469,255
4073,469,255
4074,469,255
4075,469,255
4076,469,255
4077,469,255
4078,469,255
4079,469,255
4080,469,255
4081,469,255
4082,469,255
4083,469,255
4084,469,255
4085,469,255
4086,469,255
4087,469,255
4088,469,255
4089,469,255
4090,469,255
4091,469,255
4092,469,255
4093,469,255
4094,469,255
4095,469,255
4096,469,255
4097,469,255
4098,469,255
4099,469,255
4100,469,255
4101,469,255
4102,469,255
4103,469,255
4104,469,255
4105,469,255
4106,469,255
4107,469,255
4108,469,255
4109,469,255
4110,469,255
4111,469,255
4112,469,255
4113,469,255
4114,469,255
4115,469,255
4116,469,255
4117,469,255
4118,469,255
4119,469,255
4120,469,255
4121,469,255
4122,469,255
4123,469,255
4124,469,255
4125,469,255
4126,469,255
4127,469,255
4128,469,255
4129,469,255
4130,469,255
4131,469,255
4132,469,255
4133,469,255
4134,469,255
4135,469,255
4136,469,255
4137,469,255
4138,469,255
4139,469,255
4140,469,255
4141,469,255
4142,469,255
4143,469,255
4144,469,255
4145,469,255
4146,469,255
4147,469,255
4148,469,255
4149,469,255
4150,469,255
4151,469,255
4152,469,255
4153,469,255
4154,469,255
4155,469,255
4156,469,255
4157,469,255
4158,469,255
4161,469,255
4162,469,255
4163,469,255
4164,469,255
4165,469,255
4166,469,255
4167,469,255
4168,469,255
4169,469,255
4170,469,255
4171,469,255
4172,469,255
417,470,255
418,470,255
419,470,255
420,470,255
421,470,255
3435,470,255
3436,470,255
3437,470,255
3438,470,255
3439,470,255
3440,470,255
3441,470,255
3442,470,255
3443,470,255
3444,470,255
3445,470,255
3450,470,255
3451,470,255
3452,470,255
3453,470,255
3454,470,255
3455,470,255
3456,470,255
3457,470,255
3458,470,255
3459,470,255
3460,470,255
3461,470,255
3462,470,255
3463,470,255
3464,470,255
3465,470,255
3466,470,255
3467,470,255
3468,470,255
3469,470,255
3470,470,255
3471,470,255
3472,470,255
3473,470,255
3474,470,255
3475,470,255
3476,470,255
3477,470,255
3478,470,255
3479,470,255
3480,470,255
3481,470,255
3482,470,255
3532,470,255
3533,470,255
3534,470,255
3535,470,255
3536,470,255
3537,470,255
3538,470,255
3539,470,255
3540,470,255
3541,470,255
3542,470,255
3543,470,255
3544,470,255
3545,470,255
3546,470,255
3547,470,255
3548,470,255
3549,470,255
3550,470,255
3551,470,255
3552,470,255
3553,470,255
3554,470,255
3555,470,255
3556,470,255
3557,470,255
3558,470,255
3559,470,255
3560,470,255
3561,470,255
3562,470,255
3563,470,255
3564,470,255
3565,470,255
3566,470,255
3567,470,255
3568,470,255
3569,470,255
3570,470,255
3571,470,255
3572,470,255
3573,470,255
3574,470,255
3575,470,255
3576,470,255
3577,470,255
3578,470,255
3579,470,255
3580,470,255
3581,470,255
3582,470,255
3583,470,255
3584,470,255
3585,470,255
3586,470,255
3587,470,255
3588,470,255
3589,470,255
3590,470,255
3591,470,255
3592,470,255
3593,470,255
3594,470,255
3595,470,255
3596,470,255
3597,470,255
3598,470,255
3599,470,255
3600,470,255
3601,470,255
3602,470,255
3603,470,255
3604,470,255
3605,470,255
3606,470,255
3607,470,255
3608,470,255
3609,470,255
3610,470,255
3611,470,255
3612,470,255
3613,470,255
3614,470,255
3615,470,255
3616,470,255
3617,470,255
3618,470,255
3619,470,255
3620,470,255
3621,470,255
3622,470,255
3623,470,255
3624,470,255
3625,470,255
3626,470,255
3627,470,255
3628,470,255
3629,470,255
3630,470,255
3631,470,255
3632,470,255
3633,470,255
3634,470,255
3635,470,255
3636,470,255
3637,470,255
3638,470,255
3639,470,255
3640,470,255
3641,470,255
3642,470,255
3643,470,255
3644,470,255
3645,470,255
3646,470,255
3647,470,255
3648,470,255
3649,470,255
3650,470,255
3651,470,255
3652,470,255
3653,470,255
3654,470,255
3655,470,255
3656,470,255
3657,470,255
3658,470,255
3659,470,255
3660,470,255
3661,470,255
3662,470,255
3663,470,255
3664,470,255
3665,470,255
3666,470,255
3667,470,255
3668,470,255
3669,470,255
3670,470,255
3671,470,255
3672,470,255
3673,470,255
3674,470,255
3675,470,255
3676,470,255
3677,470,255
3678,470,255
3679,470,255
3680,470,255
3681,470,255
3682,470,255
3683,470,255
3684,470,255
3685,470,255
3686,470,255
3687,470,255
3688,470,255
3689,470,255
3690,470,255
3691,470,255
3692,470,255
3693,470,255
3694,470,255
3695,470,255
3696,470,255
3697,470,255
3698,470,255
3699,470,255
3700,470,255
3701,470,255
3702,470,255
3703,470,255
3704,470,255
3705,470,255
3706,470,255
3707,470,255
3708,470,255
3709,470,255
3710,470,255
3711,470,255
3712,470,255
3713,470,255
3714,470,255
3715,470,255
3716,470,255
3717,470,255
3718,470,255
3719,470,255
3720,470,255
3721,470,255
3722,470,255
3723,470,255
3724,470,255
3725,470,255
3726,470,255
3727,470,255
3728,470,255
3729,470,255
3730,470,255
3731,470,255
413,471,255
414,471,255
415,471,255
416,471,255
417,471,255
421,471,255
422,471,255
423,471,255
424,471,255
425,471,255
3285,471,255
3286,471,255
3287,471,255
3288,471,255
3289,471,255
3290,471,255
3291,471,255
3292,471,255
3293,471,255
3294,471,255
3295,471,255
3296,471,255
3297,471,255
3298,471,255
3299,471,255
3300,471,255
3301,471,255
3302,471,255
3303,471,255
3304,471,255
3305,471,255
3306,471,255
3307,471,255
3308,471,255
3309,471,255
3310,471,255
3311,471,255
3312,471,255
3313,471,255
3314,471,255
3315,471,255
3316,471,255
3317,471,255
3318,471,255
3319,471,255
3320,471,255
3321,471,255
3322,471,255
3323,471,255
3324,471,255
3325,471,255
3326,471,255
3327,471,255
3328,471,255
3329,471,255
3330,471,255
3331,471,255
3332,471,255
3333,471,255
3334,471,255
3335,471,255
3336,471,255
3337,471,255
3338,471,255
3339,471,255
3340,471,255
3341,471,255
3342,471,255
3343,471,255
3344,471,255
3345,471,255
3346,471,255
3347,471,255
3348,471,255
3349,471,255
3350,471,255
3351,471,255
3352,471,255
3353,471,255
3354,471,255
3355,471,255
3356,471,255
3357,471,255
3358,471,255
3359,471,255
3360,471,255
3361,471,255
3362,471,255
3363,471,255
3364,471,255
3365,471,255
3366,471,255
3367,471,255
3368,471,255
3369,471,255
3370,471,255
3371,471,255
3372,471,255
3373,471,255
3374,471,255
3375,471,255
3376,471,255
3377,471,255
3378,471,255
3379,471,255
3380,471,255
3381,471,255
3382,471,255
3383,471,255
3384,471,255
3385,471,255
3386,471,255
3387,471,255
3388,471,255
3389,471,255
3390,471,255
3391,471,255
3392,471,255
3393,471,255
3394,471,255
3395,471,255
3396,471,255
3397,471,255
3398,471,255
3399,471,255
3400,471,255
3401,471,255
3402,471,255
3403,471,255
3404,471,255
3405,471,255
3406,471,255
3407,471,255
3408,471,255
3409,471,255
3410,471,255
3411,471,255
3412,471,255
3413,471,255
3414,471,255
3415,471,255
3416,471,255
3417,471,255
3418,471,255
3419,471,255
3420,471,255
3421,471,255
3422,471,255
3423,471,255
3424,471,255
3425,471,255
3426,471,255
3427,471,255
3428,471,255
3429,471,255
3430,471,255
3431,471,255
3432,471,255
3433,471,255
3434,471,255
3435,471,255
3445,471,255
3446,471,255
3447,471,255
3448,471,255
3449,471,255
3450,471,255
3482,471,255
3483,471,255
3484,471,255
3485,471,255
3486,471,255
3487,471,255
3488,471,255
3489,471,255
3490,471,255
3491,471,255
3492,471,255
3493,471,255
3494,471,255
3495,471,255
3496,471,255
3497,471,255
3498,471,255
3499,471,255
3500,471,255
3501,471,255
3502,471,255
3503,471,255
3504,471,255
3505,471,255
3506,471,255
3507,471,255
3508,471,255
3509,471,255
3510,471,255
3511,471,255
3512,471,255
3513,471,255
3514,471,255
3515,471,255
3516,471,255
3517,471,255
3518,471,255
3519,471,255
3520,471,255
3521,471,255
3522,471,255
3523,471,255
3524,471,255
3525,471,255
3526,471,255
3527,471,255
3528,471,255
3529,471,255
3530,471,255
3531,471,255
3532,471,255
413,472,255
425,472,255
2444,472,255
2445,472,255
2446,472,255
2447,472,255
2448,472,255
2449,472,255
2450,472,255
2451,472,255
2452,472,255
2453,472,255
2454,472,255
2455,472,255
2456,472,255
2457,472,255
3127,472,255
3128,472,255
3129,472,255
3130,472,255
3131,472,255
3132,472,255
3133,472,255
3134,472,255
3135,472,255
3136,472,255
3137,472,255
3138,472,255
3139,472,255
3140,472,255
3141,472,255
3142,472,255
3143,472,255
3144,472,255
3145,472,255
3146,472,255
3147,472,255
3148,472,255
3149,472,255
3150,472,255
3151,472,255
3152,472,255
3153,472,255
3154,472,255
3155,472,255
3156,472,255
3157,472,255
3158,472,255
3159,472,255
3160,472,255
3161,472,255
3162,472,255
3163,472,255
3164,472,255
3165,472,255
3166,472,255
3167,472,255
3168,472,255
3169,472,255
3170,472,255
3171,472,255
3172,472,255
3173,472,255
3174,472,255
3175,472,255
3176,472,255
3177,472,255
3178,472,255
3179,472,255
3180,472,255
3181,472,255
3182,472,255
3183,472,255
3184,472,255
3185,472,255
3186,472,255
3187,472,255
3188,472,255
3189,472,255
3190,472,255
3191,472,255
3192,472,255
3193,472,255
3194,472,255
3195,472,255
3196,472,255
3197,472,255
3198,472,255
3199,472,255
3200,472,255
3201,472,255
3202,472,255
3203,472,255
3204,472,255
3205,472,255
3206,472,255
3207,472,255
3208,472,255
3209,472,255
3210,472,255
3211,472,255
3212,472,255
3213,472,255
3214,472,255
3215,472,255
3216,472,255
3217,472,255
3218,472,255
3219,472,255
3220,472,255
3221,472,255
3222,472,255
3223,472,255
3224,472,255
3225,472,255
3226,472,255
3227,472,255
3228,472,255
3229,472,255
3230,472,255
3231,472,255
3232,472,255
3233,472,255
3234,472,255
3235,472,255
3236,472,255
3237,472,255
3238,472,255
3239,472,255
3240,472,255
3241,472,255
3242,472,255
3243,472,255
3244,472,255
3245,472,255
3246,472,255
3247,472,255
3248,472,255
3249,472,255
3250,472,255
3251,472,255
3252,472,255
3253,472,255
3254,472,255
3255,472,255
3256,472,255
3257,472,255
3258,472,255
3259,472,255
3260,472,255
3261,472,255
3262,472,255
3263,472,255
3264,472,255
3265,472,255
3266,472,255
3267,472,255
3268,472,255
3269,472,255
3270,472,255
3271,472,255
3272,472,255
3273,472,255
3274,472,255
3275,472,255
3276,472,255
3277,472,255
3278,472,255
3279,472,255
3280,472,255
3281,472,255
3282,472,255
3283,472,255
3284,472,255
3285,472,255
413,473,255
414,473,255
415,473,255
423,473,255
424,473,255
425,473,255
524,473,255
525,473,255
526,473,255
527,473,255
528,473,255
529,473,255
606,473,255
607,473,255
608,473,255
609,473,255
2425,473,255
2426,473,255
2427,473,255
2428,473,255
2429,473,255
2430,473,255
2431,473,255
2432,473,255
2433,473,255
2434,473,255
2435,473,255
2436,473,255
2437,473,255
2438,473,255
2439,473,255
2440,473,255
2441,473,255
2442,473,255
2443,473,255
2444,473,255
2457,473,255
2458,473,255
2906,473,255
2907,473,255
2908,473,255
2909,473,255
2910,473,255
2911,473,255
2912,473,255
2913,473,255
2914,473,255
2915,473,255
2916,473,255
2917,473,255
2918,473,255
2919,473,255
2920,473,255
2921,473,255
2922,473,255
2923,473,255
2924,473,255
2925,473,255
2926,473,255
2927,473,255
2928,473,255
2929,473,255
2930,473,255
2931,473,255
2932,473,255
2933,473,255
2934,473,255
2935,473,255
2936,473,255
2937,473,255
2938,473,255
2939,473,255
2940,473,255
2941,473,255
2942,473,255
2943,473,255
2944,473,255
2945,473,255
2946,473,255
2947,473,255
2948,473,255
2949,473,255
2950,473,255
2951,473,255
2952,473,255
2953,473,255
2954,473,255
2955,473,255
2956,473,255
2957,473,255
2958,473,255
2959,473,255
2960,473,255
2961,473,255
2962,473,255
2963,473,255
2964,473,255
2965,473,255
2966,473,255
2967,473,255
2968,473,255
2969,473,255
2970,473,255
2971,473,255
2972,473,255
2973,473,255
2974,473,255
2975,473,255
2976,473,255
2977,473,255
2978,473,255
2979,473,255
2980,473,255
2981,473,255
2982,473,255
2983,473,255
2984,473,255
2985,473,255
2986,473,255
2987,473,255
2988,473,255
2989,473,255
2990,473,255
2991,473,255
2992,473,255
2993,473,255
2994,473,255
2995,473,255
2996,473,255
2997,473,255
2998,473,255
2999,473,255
3000,473,255
3001,473,255
3002,473,255
3003,473,255
3004,473,255
3005,473,255
3006,473,255
3007,473,255
3008,473,255
3009,473,255
3010,473,255
3011,473,255
3012,473,255
3013,473,255
3014,473,255
3015,473,255
3016,473,255
3017,473,255
3018,473,255
3019,473,255
3020,473,255
3021,473,255
3022,473,255
3023,473,255
3024,473,255
3025,473,255
3026,473,255
3027,473,255
3028,473,255
3029,473,255
3030,473,255
3031,473,255
3032,473,255
3033,473,255
3034,473,255
3035,473,255
3036,473,255
3037,473,255
3038,473,255
3039,473,255
3040,473,255
3041,473,255
3042,473,255
3043,473,255
3044,473,255
3045,473,255
3046,473,255
3047,473,255
3048,473,255
3049,473,255
3050,473,255
3051,473,255
3052,473,255
3053,473,255
3054,473,255
3055,473,255
3056,473,255
3057,473,255
3058,473,255
3059,473,255
3060,473,255
3061,473,255
3062,473,255
3063,473,255
3064,473,255
3065,473,255
3066,473,255
3067,473,255
3068,473,255
3069,473,255
3070,473,255
3071,473,255
3072,473,255
3073,473,255
3074,473,255
3075,473,255
3076,473,255
3077,473,255
3078,473,255
3079,473,255
3080,473,255
3081,473,255
3082,473,255
3083,473,255
3084,473,255
3085,473,255
3086,473,255
3087,473,255
3088,473,255
3089,473,255
3090,473,255
3091,473,255
3092,473,255
3093,473,255
3094,473,255
3095,473,255
3096,473,255
3097,473,255
3098,473,255
3099,473,255
3100,473,255
3101,473,255
3102,473,255
3103,473,255
3104,473,255
3105,473,255
3106,473,255
3107,473,255
3108,473,255
3109,473,255
3110,473,255
3111,473,255
3112,473,255
3113,473,255
3114,473,255
3115,473,255
3116,473,255
3117,473,255
3118,473,255
3119,473,255
3120,473,255
3121,473,255
3122,473,255
3123,473,255
3124,473,255
3125,473,255
3126,473,255
3127,473,255
415,474,255
416,474,255
417,474,255
418,474,255
419,474,255
420,474,255
421,474,255
422,474,255
423,474,255
514,474,255
515,474,255
516,474,255
517,474,255
518,474,255
519,474,255
520,474,255
521,474,255
522,474,255
523,474,255
524,474,255
529,474,255
530,474,255
542,474,255
543,474,255
544,474,255
545,474,255
546,474,255
547,474,255
548,474,255
549,474,255
550,474,255
551,474,255
552,474,255
553,474,255
554,474,255
555,474,255
556,474,255
557,474,255
558,474,255
559,474,255
560,474,255
602,474,255
603,474,255
604,474,255
605,474,255
606,474,255
609,474,255
610,474,255
611,474,255
612,474,255
2417,474,255
2418,474,255
2419,474,255
2420,474,255
2421,474,255
2422,474,255
2423,474,255
2424,474,255
2425,474,255
2458,474,255
2795,474,255
2796,474,255
2797,474,255
2798,474,255
2799,474,255
2800,474,255
2801,474,255
2802,474,255
2803,474,255
2804,474,255
2805,474,255
2806,474,255
2807,474,255
2808,474,255
2809,474,255
2810,474,255
2811,474,255
2812,474,255
2813,474,255
2814,474,255
2815,474,255
2816,474,255
2817,474,255
2818,474,255
2819,474,255
2820,474,255
2821,474,255
2822,474,255
2823,474,255
2824,474,255
2825,474,255
2826,474,255
2827,474,255
2828,474,255
2829,474,255
2830,474,255
2831,474,255
2832,474,255
2833,474,255
2834,474,255
2835,474,255
2836,474,255
2837,474,255
2838,474,255
2839,474,255
2840,474,255
2841,474,255
2842,474,255
2843,474,255
2844,474,255
2845,474,255
2846,474,255
2847,474,255
2848,474,255
2849,474,255
2850,474,255
2851,474,255
2852,474,255
2853,474,255
2854,474,255
2855,474,255
2856,474,255
2857,474,255
2858,474,255
2859,474,255
2860,474,255
2861,474,255
2862,474,255
2863,474,255
2864,474,255
2865,474,255
2866,474,255
2867,474,255
2868,474,255
2869,474,255
2870,474,255
2871,474,255
2872,474,255
2873,474,255
2874,474,255
2875,474,255
2876,474,255
2877,474,255
2878,474,255
2879,474,255
2880,474,255
2881,474,255
2882,474,255
2883,474,255
2884,474,255
2885,474,255
2886,474,255
2887,474,255
2888,474,255
2889,474,255
2890,474,255
2891,474,255
2892,474,255
2893,474,255
2894,474,255
2895,474,255
2896,474,255
2897,474,255
2898,474,255
2899,474,255
2900,474,255
2901,474,255
2902,474,255
2903,474,255
2904,474,255
2905,474,255
2906,474,255
387,475,255
388,475,255
389,475,255
390,475,255
391,475,255
392,475,255
393,475,255
394,475,255
395,475,255
396,475,255
397,475,255
398,475,255
399,475,255
400,475,255
401,475,255
402,475,255
403,475,255
404,475,255
405,475,255
406,475,255
407,475,255
408,475,255
409,475,255
410,475,255
411,475,255
412,475,255
413,475,255
414,475,255
415,475,255
416,475,255
417,475,255
418,475,255
419,475,255
420,475,255
421,475,255
422,475,255
423,475,255
424,475,255
425,475,255
426,475,255
427,475,255
428,475,255
429,475,255
430,475,255
431,475,255
432,475,255
433,475,255
434,475,255
435,475,255
436,475,255
437,475,255
438,475,255
439,475,255
440,475,255
441,475,255
442,475,255
443,475,255
514,475,255
530,475,255
532,475,255
533,475,255
534,475,255
535,475,255
536,475,255
537,475,255
538,475,255
539,475,255
540,475,255
541,475,255
542,475,255
560,475,255
561,475,255
562,475,255
563,475,255
564,475,255
565,475,255
566,475,255
586,475,255
587,475,255
588,475,255
589,475,255
590,475,255
591,475,255
592,475,255
593,475,255
594,475,255
595,475,255
596,475,255
597,475,255
598,475,255
599,475,255
600,475,255
601,475,255
602,475,255
612,475,255
993,475,255
994,475,255
995,475,255
996,475,255
997,475,255
998,475,255
2413,475,255
2414,475,255
2415,475,255
2416,475,255
2417,475,255
2458,475,255
2660,475,255
2661,475,255
2662,475,255
2663,475,255
2664,475,255
2665,475,255
2666,475,255
2667,475,255
2668,475,255
2669,475,255
2670,475,255
2671,475,255
2672,475,255
2673,475,255
2674,475,255
2675,475,255
2676,475,255
2677,475,255
2678,475,255
2679,475,255
2680,475,255
2681,475,255
2682,475,255
2683,475,255
2684,475,255
2685,475,255
2686,475,255
2687,475,255
2688,475,255
2689,475,255
2690,475,255
2691,475,255
2692,475,255
2693,475,255
2694,475,255
2695,475,255
2696,475,255
2697,475,255
2698,475,255
2699,475,255
2700,475,255
2701,475,255
2702,475,255
2703,475,255
2704,475,255
2705,475,255
2706,475,255
2707,475,255
2708,475,255
2709,475,255
2710,475,255
2711,475,255
2712,475,255
2713,475,255
2714,475,255
2715,475,255
2716,475,255
2717,475,255
2718,475,255
2719,475,255
2720,475,255
2721,475,255
2722,475,255
2723,475,255
2724,475,255
2725,475,255
2726,475,255
2727,475,255
2728,475,255
2729,475,255
2730,475,255
2731,475,255
2732,475,255
2733,475,255
2734,475,255
2735,475,255
2736,475,255
2737,475,255
2738,475,255
2739,475,255
2740,475,255
2741,475,255
2742,475,255
2743,475,255
2744,475,255
2745,475,255
2746,475,255
2747,475,255
2748,475,255
2749,475,255
2750,475,255
2751,475,255
2752,475,255
2753,475,255
2754,475,255
2755,475,255
2756,475,255
2757,475,255
2758,475,255
2759,475,255
2760,475,255
2761,475,255
2762,475,255
2763,475,255
2764,475,255
2765,475,255
2766,475,255
2767,475,255
2768,475,255
2769,475,255
2770,475,255
2771,475,255
2772,475,255
2773,475,255
2774,475,255
2775,475,255
2776,475,255
2777,475,255
2778,475,255
2779,475,255
2780,475,255
2781,475,255
2782,475,255
2783,475,255
2784,475,255
2785,475,255
2786,475,255
2787,475,255
2788,475,255
2789,475,255
2790,475,255
2791,475,255
2792,475,255
2793,475,255
2794,475,255
2795,475,255
4596,475,255
379,476,255
380,476,255
381,476,255
382,476,255
383,476,255
384,476,255
385,476,255
386,476,255
387,476,255
443,476,255
444,476,255
445,476,255
446,476,255
447,476,255
448,476,255
449,476,255
450,476,255
451,476,255
452,476,255
453,476,255
454,476,255
455,476,255
456,476,255
457,476,255
458,476,255
514,476,255
515,476,255
516,476,255
517,476,255
518,476,255
519,476,255
520,476,255
521,476,255
522,476,255
523,476,255
524,476,255
525,476,255
526,476,255
527,476,255
528,476,255
529,476,255
530,476,255
532,476,255
566,476,255
586,476,255
612,476,255
975,476,255
976,476,255
977,476,255
978,476,255
979,476,255
980,476,255
981,476,255
982,476,255
983,476,255
984,476,255
985,476,255
986,476,255
987,476,255
988,476,255
989,476,255
990,476,255
991,476,255
992,476,255
993,476,255
998,476,255
999,476,255
1000,476,255
1001,476,255
1002,476,255
1156,476,255
1157,476,255
1158,476,255
1159,476,255
1813,476,255
1814,476,255
1815,476,255
1816,476,255
1817,476,255
2410,476,255
2411,476,255
2412,476,255
2413,476,255
2457,476,255
2458,476,255
2459,476,255
2460,476,255
2461,476,255
2462,476,255
2463,476,255
2464,476,255
2465,476,255
2466,476,255
2467,476,255
2563,476,255
2564,476,255
2565,476,255
2566,476,255
2612,476,255
2613,476,255
2614,476,255
2615,476,255
2616,476,255
2617,476,255
2618,476,255
2619,476,255
2620,476,255
2621,476,255
2622,476,255
2623,476,255
2624,476,255
2625,476,255
2626,476,255
2627,476,255
2628,476,255
2629,476,255
2630,476,255
2631,476,255
2632,476,255
2633,476,255
2634,476,255
2635,476,255
2636,476,255
2637,476,255
2638,476,255
2639,476,255
2640,476,255
2641,476,255
2642,476,255
2643,476,255
2644,476,255
2645,476,255
2646,476,255
2647,476,255
2648,476,255
2649,476,255
2650,476,255
2651,476,255
2652,476,255
2653,476,255
2654,476,255
2655,476,255
2656,476,255
2657,476,255
2658,476,255
2659,476,255
2660,476,255
375,477,255
376,477,255
377,477,255
378,477,255
379,477,255
458,477,255
459,477,255
460,477,255
461,477,255
462,477,255
463,477,255
464,477,255
465,477,255
466,477,255
467,477,255
468,477,255
469,477,255
532,477,255
533,477,255
534,477,255
535,477,255
536,477,255
537,477,255
538,477,255
553,477,255
554,477,255
555,477,255
556,477,255
557,477,255
558,477,255
559,477,255
560,477,255
561,477,255
562,477,255
563,477,255
564,477,255
565,477,255
566,477,255
586,477,255
587,477,255
588,477,255
589,477,255
610,477,255
611,477,255
612,477,255
972,477,255
973,477,255
974,477,255
975,477,255
1002,477,255
1003,477,255
1141,477,255
1142,477,255
1143,477,255
1144,477,255
1145,477,255
1146,477,255
1147,477,255
1148,477,255
1149,477,255
1150,477,255
1151,477,255
1152,477,255
1153,477,255
1154,477,255
1155,477,255
1156,477,255
1159,477,255
1160,477,255
1161,477,255
1162,477,255
1163,477,255
1803,477,255
1804,477,255
1805,477,255
1806,477,255
1807,477,255
1808,477,255
1809,477,255
1810,477,255
1811,477,255
1812,477,255
1813,477,255
1817,477,255
1818,477,255
1819,477,255
1820,477,255
1821,477,255
1822,477,255
1823,477,255
1824,477,255
1825,477,255
1826,477,255
1827,477,255
1828,477,255
1829,477,255
1830,477,255
1831,477,255
1832,477,255
1833,477,255
1834,477,255
1835,477,255
1836,477,255
2410,477,255
2467,477,255
2468,477,255
2469,477,255
2470,477,255
2471,477,255
2472,477,255
2473,477,255
2474,477,255
2475,477,255
2476,477,255
2477,477,255
2478,477,255
2479,477,255
2480,477,255
2481,477,255
2482,477,255
2483,477,255
2484,477,255
2485,477,255
2486,477,255
2487,477,255
2488,477,255
2489,477,255
2490,477,255
2491,477,255
2492,477,255
2493,477,255
2494,477,255
2495,477,255
2496,477,255
2497,477,255
2498,477,255
2499,477,255
2500,477,255
2501,477,255
2502,477,255
2503,477,255
2504,477,255
2505,477,255
2506,477,255
2507,477,255
2508,477,255
2509,477,255
2510,477,255
2511,477,255
2512,477,255
2513,477,255
2514,477,255
2515,477,255
2516,477,255
2517,477,255
2518,477,255
2519,477,255
2520,477,255
2521,477,255
2522,477,255
2523,477,255
2524,477,255
2525,477,255
2526,477,255
2527,477,255
2528,477,255
2529,477,255
2530,477,255
2531,477,255
2532,477,255
2533,477,255
2534,477,255
2535,477,255
2536,477,255
2537,477,255
2538,477,255
2539,477,255
2540,477,255
2541,477,255
2542,477,255
2543,477,255
2544,477,255
2545,477,255
2546,477,255
2547,477,255
2548,477,255
2549,477,255
2550,477,255
2551,477,255
2552,477,255
2553,477,255
2554,477,255
2555,477,255
2556,477,255
2557,477,255
2558,477,255
2559,477,255
2560,477,255
2561,477,255
2562,477,255
2563,477,255
2566,477,255
2567,477,255
2568,477,255
2569,477,255
2570,477,255
2571,477,255
2572,477,255
2573,477,255
2574,477,255
2575,477,255
2576,477,255
2577,477,255
2578,477,255
2579,477,255
2580,477,255
2581,477,255
2582,477,255
2583,477,255
2584,477,255
2585,477,255
2586,477,255
2587,477,255
2588,477,255
2589,477,255
2590,477,255
2591,477,255
2592,477,255
2593,477,255
2594,477,255
2595,477,255
2596,477,255
2597,477,255
2598,477,255
2599,477,255
2600,477,255
2601,477,255
2602,477,255
2603,477,255
2604,477,255
2605,477,255
2606,477,255
2607,477,255
2608,477,255
2609,477,255
2610,477,255
2611,477,255
2612,477,255
372,478,255
373,478,255
374,478,255
375,478,255
469,478,255
470,478,255
471,478,255
472,478,255
473,478,255
474,478,255
475,478,255
476,478,255
523,478,255
524,478,255
525,478,255
526,478,255
527,478,255
528,478,255
529,478,255
530,478,255
531,478,255
532,478,255
533,478,255
534,478,255
535,478,255
536,478,255
537,478,255
538,478,255
539,478,255
540,478,255
541,478,255
542,478,255
543,478,255
544,478,255
545,478,255
546,478,255
547,478,255
548,478,255
549,478,255
550,478,255
551,478,255
552,478,255
553,478,255
580,478,255
581,478,255
582,478,255
583,478,255
584,478,255
585,478,255
586,478,255
587,478,255
588,478,255
589,478,255
590,478,255
591,478,255
592,478,255
593,478,255
594,478,255
595,478,255
596,478,255
597,478,255
598,478,255
599,478,255
600,478,255
601,478,255
602,478,255
603,478,255
604,478,255
605,478,255
606,478,255
607,478,255
608,478,255
609,478,255
610,478,255
611,478,255
972,478,255
1003,478,255
1004,478,255
1136,478,255
1137,478,255
1138,478,255
1139,478,255
1140,478,255
1141,478,255
1163,478,255
1482,478,255
1483,478,255
1484,478,255
1802,478,255
1803,478,255
1836,478,255
1837,478,255
1838,478,255
1839,478,255
1840,478,255
1841,478,255
1842,478,255
1843,478,255
1844,478,255
1845,478,255
2389,478,255
2390,478,255
2391,478,255
2392,478,255
2393,478,255
2394,478,255
2395,478,255
2396,478,255
2397,478,255
2398,478,255
2399,478,255
2400,478,255
2401,478,255
2402,478,255
2403,478,255
2404,478,255
2405,478,255
2406,478,255
2407,478,255
2408,478,255
2409,478,255
2410,478,255
362,479,255
363,479,255
364,479,255
365,479,255
366,479,255
367,479,255
368,479,255
369,479,255
370,479,255
371,479,255
372,479,255
476,479,255
477,479,255
478,479,255
479,479,255
480,479,255
481,479,255
482,479,255
483,479,255
484,479,255
485,479,255
486,479,255
487,479,255
488,479,255
489,479,255
490,479,255
491,479,255
492,479,255
493,479,255
494,479,255
495,479,255
510,479,255
511,479,255
512,479,255
513,479,255
514,479,255
515,479,255
516,479,255
517,479,255
518,479,255
519,479,255
520,479,255
521,479,255
522,479,255
523,479,255
542,479,255
543,479,255
544,479,255
545,479,255
546,479,255
547,479,255
548,479,255
549,479,255
550,479,255
551,479,255
552,479,255
553,479,255
554,479,255
555,479,255
556,479,255
557,479,255
558,479,255
559,479,255
560,479,255
561,479,255
562,479,255
563,479,255
564,479,255
565,479,255
566,479,255
567,479,255
568,479,255
569,479,255
570,479,255
571,479,255
572,479,255
573,479,255
574,479,255
575,479,255
576,479,255
577,479,255
578,479,255
579,479,255
580,479,255
611,479,255
612,479,255
613,479,255
614,479,255
615,479,255
616,479,255
617,479,255
618,479,255
619,479,255
620,479,255
621,479,255
622,479,255
623,479,255
624,479,255
625,479,255
626,479,255
627,479,255
628,479,255
629,479,255
630,479,255
631,479,255
632,479,255
633,479,255
634,479,255
635,479,255
636,479,255
972,479,255
973,479,255
974,479,255
1004,479,255
1011,479,255
1012,479,255
1013,479,255
1014,479,255
1015,479,255
1136,479,255
1160,479,255
1161,479,255
1162,479,255
1163,479,255
1482,479,255
1484,479,255
1485,479,255
1486,479,255
1487,479,255
1488,479,255
1489,479,255
1490,479,255
1491,479,255
1492,479,255
1493,479,255
1494,479,255
1495,479,255
1496,479,255
1497,479,255
1498,479,255
1802,479,255
1845,479,255
2359,479,255
2360,479,255
2361,479,255
2362,479,255
2363,479,255
2364,479,255
2365,479,255
2366,479,255
2367,479,255
2368,479,255
2369,479,255
2370,479,255
2371,479,255
2372,479,255
2373,479,255
2374,479,255
2375,479,255
2376,479,255
2377,479,255
2378,479,255
2379,479,255
2380,479,255
2381,479,255
2382,479,255
2383,479,255
2384,479,255
2385,479,255
2386,479,255
2387,479,255
2388,479,255
2389,479,255
360,480,255
361,480,255
362,480,255
495,480,255
496,480,255
497,480,255
498,480,255
499,480,255
500,480,255
501,480,255
502,480,255
503,480,255
504,480,255
505,480,255
506,480,255
507,480,255
508,480,255
509,480,255
510,480,255
636,480,255
637,480,255
638,480,255
639,480,255
640,480,255
641,480,255
642,480,255
643,480,255
666,480,255
667,480,255
668,480,255
669,480,255
670,480,255
671,480,255
672,480,255
673,480,255
692,480,255
693,480,255
694,480,255
695,480,255
696,480,255
697,480,255
698,480,255
699,480,255
700,480,255
701,480,255
702,480,255
703,480,255
704,480,255
705,480,255
706,480,255
722,480,255
723,480,255
724,480,255
725,480,255
726,480,255
727,480,255
728,480,255
729,480,255
730,480,255
731,480,255
732,480,255
733,480,255
734,480,255
735,480,255
736,480,255
737,480,255
738,480,255
739,480,255
740,480,255
774,480,255
775,480,255
776,480,255
777,480,255
778,480,255
779,480,255
780,480,255
781,480,255
782,480,255
783,480,255
784,480,255
785,480,255
786,480,255
787,480,255
788,480,255
789,480,255
790,480,255
791,480,255
792,480,255
793,480,255
794,480,255
795,480,255
796,480,255
797,480,255
798,480,255
799,480,255
800,480,255
801,480,255
802,480,255
803,480,255
804,480,255
805,480,255
806,480,255
807,480,255
808,480,255
809,480,255
810,480,255
811,480,255
812,480,255
813,480,255
814,480,255
815,480,255
845,480,255
846,480,255
847,480,255
848,480,255
849,480,255
850,480,255
851,480,255
852,480,255
853,480,255
971,480,255
972,480,255
973,480,255
974,480,255
975,480,255
976,480,255
977,480,255
978,480,255
979,480,255
980,480,255
981,480,255
982,480,255
983,480,255
984,480,255
985,480,255
986,480,255
987,480,255
988,480,255
989,480,255
990,480,255
991,480,255
992,480,255
993,480,255
994,480,255
995,480,255
996,480,255
997,480,255
998,480,255
999,480,255
1000,480,255
1001,480,255
1002,480,255
1003,480,255
1004,480,255
1005,480,255
1006,480,255
1007,480,255
1008,480,255
1009,480,255
1010,480,255
1011,480,255
1015,480,255
1016,480,255
1017,480,255
1018,480,255
1019,480,255
1020,480,255
1021,480,255
1022,480,255
1023,480,255
1024,480,255
1025,480,255
1026,480,255
1027,480,255
1136,480,255
1137,480,255
1138,480,255
1150,480,255
1151,480,255
1152,480,255
1153,480,255
1154,480,255
1155,480,255
1156,480,255
1157,480,255
1158,480,255
1159,480,255
1160,480,255
1363,480,255
1364,480,255
1365,480,255
1366,480,255
1367,480,255
1368,480,255
1482,480,255
1483,480,255
1484,480,255
1498,480,255
1499,480,255
1500,480,255
1501,480,255
1802,480,255
1825,480,255
1826,480,255
1827,480,255
1828,480,255
1829,480,255
1830,480,255
1831,480,255
1832,480,255
1833,480,255
1834,480,255
1835,480,255
1836,480,255
1837,480,255
1838,480,255
1839,480,255
1840,480,255
1841,480,255
1842,480,255
1843,480,255
1844,480,255
1845,480,255
2280,480,255
2281,480,255
2282,480,255
2283,480,255
2284,480,255
2285,480,255
2286,480,255
2287,480,255
2288,480,255
2289,480,255
2290,480,255
2291,480,255
2292,480,255
2293,480,255
2294,480,255
2295,480,255
2296,480,255
2297,480,255
2298,480,255
2299,480,255
2300,480,255
2301,480,255
2302,480,255
2303,480,255
2304,480,255
2305,480,255
2306,480,255
2307,480,255
2308,480,255
2309,480,255
2310,480,255
2311,480,255
2312,480,255
2313,480,255
2314,480,255
2315,480,255
2316,480,255
2317,480,255
2318,480,255
2319,480,255
2320,480,255
2321,480,255
2322,480,255
2323,480,255
2324,480,255
2325,480,255
2326,480,255
2327,480,255
2328,480,255
2329,480,255
2330,480,255
2331,480,255
2332,480,255
2333,480,255
2334,480,255
2335,480,255
2336,480,255
2337,480,255
2338,480,255
2339,480,255
2340,480,255
2341,480,255
2342,480,255
2343,480,255
2344,480,255
2345,480,255
2346,480,255
2347,480,255
2348,480,255
2349,480,255
2350,480,255
2351,480,255
2352,480,255
2353,480,255
2354,480,255
2355,480,255
2356,480,255
2357,480,255
2358,480,255
2359,480,255
314,481,255
315,481,255
316,481,255
317,481,255
318,481,255
319,481,255
320,481,255
321,481,255
322,481,255
323,481,255
324,481,255
325,481,255
326,481,255
327,481,255
328,481,255
329,481,255
330,481,255
331,481,255
332,481,255
355,481,255
356,481,255
357,481,255
358,481,255
359,481,255
360,481,255
643,481,255
644,481,255
645,481,255
646,481,255
647,481,255
648,481,255
649,481,255
650,481,255
651,481,255
652,481,255
653,481,255
654,481,255
655,481,255
656,481,255
657,481,255
658,481,255
659,481,255
660,481,255
661,481,255
662,481,255
663,481,255
664,481,255
665,481,255
666,481,255
673,481,255
674,481,255
675,481,255
676,481,255
677,481,255
678,481,255
679,481,255
680,481,255
681,481,255
682,481,255
683,481,255
684,481,255
685,481,255
686,481,255
687,481,255
688,481,255
689,481,255
690,481,255
691,481,255
692,481,255
706,481,255
707,481,255
708,481,255
709,481,255
710,481,255
711,481,255
712,481,255
713,481,255
714,481,255
715,481,255
716,481,255
717,481,255
718,481,255
719,481,255
720,481,255
721,481,255
722,481,255
740,481,255
741,481,255
742,481,255
743,481,255
744,481,255
745,481,255
746,481,255
747,481,255
748,481,255
749,481,255
750,481,255
751,481,255
752,481,255
753,481,255
754,481,255
755,481,255
756,481,255
757,481,255
758,481,255
759,481,255
760,481,255
761,481,255
762,481,255
763,481,255
764,481,255
765,481,255
766,481,255
767,481,255
768,481,255
769,481,255
770,481,255
771,481,255
772,481,255
773,481,255
774,481,255
815,481,255
816,481,255
817,481,255
818,481,255
819,481,255
820,481,255
821,481,255
822,481,255
823,481,255
824,481,255
825,481,255
826,481,255
827,481,255
828,481,255
835,481,255
836,481,255
837,481,255
838,481,255
839,481,255
840,481,255
841,481,255
842,481,255
843,481,255
844,481,255
845,481,255
853,481,255
854,481,255
855,481,255
856,481,255
857,481,255
858,481,255
859,481,255
860,481,255
861,481,255
862,481,255
863,481,255
864,481,255
865,481,255
866,481,255
867,481,255
868,481,255
869,481,255
870,481,255
871,481,255
872,481,255
873,481,255
874,481,255
875,481,255
876,481,255
877,481,255
878,481,255
879,481,255
880,481,255
881,481,255
882,481,255
883,481,255
884,481,255
885,481,255
886,481,255
887,481,255
888,481,255
889,481,255
890,481,255
891,481,255
892,481,255
893,481,255
894,481,255
895,481,255
896,481,255
897,481,255
898,481,255
899,481,255
900,481,255
901,481,255
902,481,255
903,481,255
904,481,255
905,481,255
906,481,255
907,481,255
908,481,255
909,481,255
910,481,255
911,481,255
912,481,255
913,481,255
914,481,255
915,481,255
916,481,255
917,481,255
918,481,255
919,481,255
920,481,255
921,481,255
922,481,255
923,481,255
924,481,255
925,481,255
926,481,255
927,481,255
928,481,255
929,481,255
930,481,255
931,481,255
932,481,255
933,481,255
934,481,255
935,481,255
936,481,255
937,481,255
938,481,255
939,481,255
940,481,255
941,481,255
942,481,255
943,481,255
944,481,255
945,481,255
946,481,255
947,481,255
948,481,255
949,481,255
950,481,255
951,481,255
952,481,255
953,481,255
954,481,255
955,481,255
956,481,255
960,481,255
961,481,255
962,481,255
963,481,255
964,481,255
965,481,255
966,481,255
967,481,255
968,481,255
969,481,255
970,481,255
971,481,255
1027,481,255
1028,481,255
1029,481,255
1030,481,255
1031,481,255
1032,481,255
1033,481,255
1034,481,255
1035,481,255
1036,481,255
1037,481,255
1038,481,255
1039,481,255
1040,481,255
1041,481,255
1042,481,255
1043,481,255
1044,481,255
1045,481,255
1046,481,255
1047,481,255
1048,481,255
1049,481,255
1050,481,255
1051,481,255
1052,481,255
1053,481,255
1054,481,255
1055,481,255
1130,481,255
1131,481,255
1132,481,255
1133,481,255
1134,481,255
1135,481,255
1136,481,255
1137,481,255
1138,481,255
1139,481,255
1140,481,255
1141,481,255
1142,481,255
1143,481,255
1144,481,255
1145,481,255
1146,481,255
1147,481,255
1148,481,255
1149,481,255
1150,481,255
1151,481,255
1152,481,255
1153,481,255
1154,481,255
1155,481,255
1156,481,255
1157,481,255
1158,481,255
1159,481,255
1160,481,255
1161,481,255
1162,481,255
1163,481,255
1164,481,255
1165,481,255
1166,481,255
1244,481,255
1245,481,255
1246,481,255
1247,481,255
1248,481,255
1249,481,255
1250,481,255
1251,481,255
1252,481,255
1253,481,255
1254,481,255
1255,481,255
1256,481,255
1257,481,255
1258,481,255
1259,481,255
1260,481,255
1261,481,255
1262,481,255
1263,481,255
1264,481,255
1265,481,255
1266,481,255
1267,481,255
1268,481,255
1269,481,255
1270,481,255
1271,481,255
1272,481,255
1273,481,255
1274,481,255
1275,481,255
1276,481,255
1277,481,255
1278,481,255
1279,481,255
1280,481,255
1281,481,255
1282,481,255
1283,481,255
1324,481,255
1325,481,255
1326,481,255
1327,481,255
1328,481,255
1329,481,255
1330,481,255
1331,481,255
1332,481,255
1333,481,255
1334,481,255
1335,481,255
1336,481,255
1337,481,255
1338,481,255
1339,481,255
1340,481,255
1341,481,255
1342,481,255
1343,481,255
1357,481,255
1358,481,255
1359,481,255
1360,481,255
1361,481,255
1362,481,255
1363,481,255
1368,481,255
1369,481,255
1370,481,255
1371,481,255
1372,481,255
1373,481,255
1374,481,255
1375,481,255
1376,481,255
1377,481,255
1378,481,255
1379,481,255
1380,481,255
1381,481,255
1382,481,255
1383,481,255
1484,481,255
1485,481,255
1486,481,255
1487,481,255
1488,481,255
1489,481,255
1490,481,255
1491,481,255
1492,481,255
1493,481,255
1494,481,255
1495,481,255
1496,481,255
1497,481,255
1498,481,255
1499,481,255
1501,481,255
1502,481,255
1503,481,255
1504,481,255
1505,481,255
1506,481,255
1507,481,255
1508,481,255
1509,481,255
1510,481,255
1511,481,255
1660,481,255
1661,481,255
1662,481,255
1663,481,255
1664,481,255
1665,481,255
1666,481,255
1667,481,255
1668,481,255
1802,481,255
1803,481,255
1804,481,255
1805,481,255
1823,481,255
1824,481,255
1825,481,255
2237,481,255
2238,481,255
2239,481,255
2240,481,255
2241,481,255
2242,481,255
2243,481,255
2244,481,255
2245,481,255
2246,481,255
2247,481,255
2248,481,255
2249,481,255
2250,481,255
2251,481,255
2252,481,255
2253,481,255
2254,481,255
2255,481,255
2256,481,255
2257,481,255
2258,481,255
2259,481,255
2260,481,255
2261,481,255
2262,481,255
2263,481,255
2264,481,255
2265,481,255
2266,481,255
2267,481,255
2268,481,255
2269,481,255
2270,481,255
2271,481,255
2272,481,255
2273,481,255
2274,481,255
2275,481,255
2276,481,255
2277,481,255
2278,481,255
2279,481,255
2280,481,255
39,482,255
40,482,255
41,482,255
42,482,255
303,482,255
304,482,255
305,482,255
306,482,255
307,482,255
308,482,255
309,482,255
310,482,255
311,482,255
312,482,255
313,482,255
314,482,255
332,482,255
333,482,255
334,482,255
335,482,255
336,482,255
337,482,255
338,482,255
339,482,255
340,482,255
341,482,255
342,482,255
343,482,255
344,482,255
345,482,255
346,482,255
347,482,255
348,482,255
349,482,255
350,482,255
351,482,255
352,482,255
353,482,255
354,482,255
355,482,255
828,482,255
829,482,255
830,482,255
831,482,255
832,482,255
833,482,255
834,482,255
835,482,255
956,482,255
957,482,255
958,482,255
959,482,255
960,482,255
1055,482,255
1056,482,255
1057,482,255
1058,482,255
1059,482,255
1060,482,255
1061,482,255
1062,482,255
1063,482,255
1064,482,255
1065,482,255
1066,482,255
1067,482,255
1068,482,255
1069,482,255
1070,482,255
1071,482,255
1072,482,255
1073,482,255
1074,482,255
1075,482,255
1076,482,255
1077,482,255
1078,482,255
1079,482,255
1080,482,255
1081,482,255
1082,482,255
1083,482,255
1084,482,255
1085,482,255
1086,482,255
1087,482,255
1088,482,255
1089,482,255
1090,482,255
1091,482,255
1092,482,255
1093,482,255
1094,482,255
1095,482,255
1096,482,255
1097,482,255
1098,482,255
1099,482,255
1100,482,255
1101,482,255
1102,482,255
1103,482,255
1104,482,255
1105,482,255
1106,482,255
1107,482,255
1108,482,255
1109,482,255
1110,482,255
1111,482,255
1112,482,255
1113,482,255
1114,482,255
1115,482,255
1116,482,255
1117,482,255
1118,482,255
1119,482,255
1120,482,255
1121,482,255
1122,482,255
1123,482,255
1124,482,255
1125,482,255
1126,482,255
1127,482,255
1128,482,255
1129,482,255
1130,482,255
1166,482,255
1167,482,255
1168,482,255
1169,482,255
1170,482,255
1171,482,255
1172,482,255
1173,482,255
1174,482,255
1175,482,255
1176,482,255
1177,482,255
1178,482,255
1179,482,255
1180,482,255
1181,482,255
1182,482,255
1183,482,255
1184,482,255
1185,482,255
1186,482,255
1187,482,255
1188,482,255
1189,482,255
1190,482,255
1191,482,255
1192,482,255
1193,482,255
1194,482,255
1195,482,255
1196,482,255
1197,482,255
1198,482,255
1199,482,255
1200,482,255
1201,482,255
1202,482,255
1203,482,255
1204,482,255
1205,482,255
1206,482,255
1207,482,255
1208,482,255
1209,482,255
1210,482,255
1211,482,255
1214,482,255
1215,482,255
1216,482,255
1217,482,255
1218,482,255
1219,482,255
1220,482,255
1221,482,255
1222,482,255
1223,482,255
1224,482,255
1225,482,255
1226,482,255
1227,482,255
1228,482,255
1229,482,255
1230,482,255
1231,482,255
1232,482,255
1233,482,255
1234,482,255
1235,482,255
1236,482,255
1237,482,255
1238,482,255
1239,482,255
1240,482,255
1241,482,255
1242,482,255
1243,482,255
1244,482,255
1283,482,255
1284,482,255
1285,482,255
1286,482,255
1287,482,255
1288,482,255
1289,482,255
1290,482,255
1291,482,255
1292,482,255
1293,482,255
1294,482,255
1295,482,255
1296,482,255
1297,482,255
1298,482,255
1299,482,255
1300,482,255
1301,482,255
1302,482,255
1303,482,255
1304,482,255
1305,482,255
1306,482,255
1307,482,255
1308,482,255
1309,482,255
1310,482,255
1311,482,255
1312,482,255
1313,482,255
1314,482,255
1315,482,255
1316,482,255
1317,482,255
1318,482,255
1319,482,255
1320,482,255
1321,482,255
1322,482,255
1323,482,255
1324,482,255
1343,482,255
1344,482,255
1345,482,255
1346,482,255
1347,482,255
1348,482,255
1349,482,255
1350,482,255
1351,482,255
1352,482,255
1353,482,255
1354,482,255
1355,482,255
1356,482,255
1357,482,255
1383,482,255
1384,482,255
1385,482,255
1386,482,255
1387,482,255
1388,482,255
1389,482,255
1390,482,255
1391,482,255
1392,482,255
1393,482,255
1394,482,255
1395,482,255
1396,482,255
1397,482,255
1398,482,255
1399,482,255
1400,482,255
1401,482,255
1402,482,255
1403,482,255
1404,482,255
1405,482,255
1406,482,255
1407,482,255
1408,482,255
1409,482,255
1410,482,255
1411,482,255
1412,482,255
1413,482,255
1414,482,255
1415,482,255
1416,482,255
1420,482,255
1421,482,255
1422,482,255
1423,482,255
1424,482,255
1425,482,255
1426,482,255
1427,482,255
1428,482,255
1429,482,255
1430,482,255
1431,482,255
1432,482,255
1433,482,255
1434,482,255
1435,482,255
1436,482,255
1437,482,255
1438,482,255
1439,482,255
1440,482,255
1441,482,255
1442,482,255
1443,482,255
1444,482,255
1445,482,255
1446,482,255
1447,482,255
1448,482,255
1449,482,255
1450,482,255
1451,482,255
1452,482,255
1453,482,255
1454,482,255
1455,482,255
1456,482,255
1457,482,255
1458,482,255
1459,482,255
1460,482,255
1461,482,255
1462,482,255
1463,482,255
1464,482,255
1465,482,255
1466,482,255
1467,482,255
1468,482,255
1469,482,255
1470,482,255
1471,482,255
1472,482,255
1473,482,255
1474,482,255
1475,482,255
1476,482,255
1477,482,255
1478,482,255
1479,482,255
1480,482,255
1481,482,255
1482,482,255
1483,482,255
1484,482,255
1485,482,255
1486,482,255
1487,482,255
1488,482,255
1489,482,255
1490,482,255
1491,482,255
1492,482,255
1511,482,255
1512,482,255
1513,482,255
1514,482,255
1515,482,255
1516,482,255
1517,482,255
1522,482,255
1523,482,255
1524,482,255
1525,482,255
1526,482,255
1527,482,255
1528,482,255
1529,482,255
1530,482,255
1531,482,255
1532,482,255
1533,482,255
1534,482,255
1535,482,255
1536,482,255
1537,482,255
1538,482,255
1539,482,255
1540,482,255
1541,482,255
1542,482,255
1543,482,255
1544,482,255
1545,482,255
1561,482,255
1562,482,255
1563,482,255
1564,482,255
1565,482,255
1566,482,255
1567,482,255
1568,482,255
1569,482,255
1570,482,255
1571,482,255
1572,482,255
1573,482,255
1574,482,255
1575,482,255
1576,482,255
1577,482,255
1578,482,255
1579,482,255
1640,482,255
1641,482,255
1642,482,255
1643,482,255
1644,482,255
1645,482,255
1646,482,255
1647,482,255
1648,482,255
1649,482,255
1650,482,255
1651,482,255
1652,482,255
1653,482,255
1654,482,255
1655,482,255
1656,482,255
1657,482,255
1658,482,255
1659,482,255
1660,482,255
1668,482,255
1669,482,255
1670,482,255
1671,482,255
1672,482,255
1673,482,255
1674,482,255
1675,482,255
1676,482,255
1677,482,255
1678,482,255
1679,482,255
1680,482,255
1681,482,255
1682,482,255
1683,482,255
1684,482,255
1695,482,255
1696,482,255
1697,482,255
1698,482,255
1699,482,255
1700,482,255
1701,482,255
1702,482,255
1703,482,255
1704,482,255
1705,482,255
1706,482,255
1707,482,255
1708,482,255
1709,482,255
1710,482,255
1711,482,255
1712,482,255
1713,482,255
1725,482,255
1726,482,255
1727,482,255
1805,482,255
1806,482,255
1807,482,255
1808,482,255
1809,482,255
1824,482,255
1825,482,255
1826,482,255
1827,482,255
1828,482,255
1829,482,255
1830,482,255
1831,482,255
1832,482,255
1833,482,255
1834,482,255
1835,482,255
1836,482,255
1837,482,255
1838,482,255
1839,482,255
1840,482,255
1841,482,255
1865,482,255
1866,482,255
1867,482,255
1868,482,255
1869,482,255
1870,482,255
1871,482,255
1872,482,255
1873,482,255
1874,482,255
1875,482,255
1876,482,255
1877,482,255
1878,482,255
1879,482,255
1880,482,255
1881,482,255
1882,482,255
1883,482,255
1884,482,255
1885,482,255
1886,482,255
1887,482,255
1888,482,255
1889,482,255
1890,482,255
1891,482,255
1892,482,255
1893,482,255
1894,482,255
1895,482,255
1896,482,255
1897,482,255
1898,482,255
1899,482,255
2061,482,255
2062,482,255
2063,482,255
2064,482,255
2065,482,255
2066,482,255
2067,482,255
2068,482,255
2069,482,255
2070,482,255
2071,482,255
2072,482,255
2106,482,255
2107,482,255
2108,482,255
2109,482,255
2110,482,255
2111,482,255
2112,482,255
2113,482,255
2114,482,255
2115,482,255
2116,482,255
2117,482,255
2118,482,255
2119,482,255
2120,482,255
2121,482,255
2122,482,255
2123,482,255
2124,482,255
2125,482,255
2126,482,255
2127,482,255
2128,482,255
2129,482,255
2130,482,255
2131,482,255
2132,482,255
2133,482,255
2134,482,255
2135,482,255
2136,482,255
2137,482,255
2138,482,255
2139,482,255
2140,482,255
2141,482,255
2142,482,255
2143,482,255
2144,482,255
2145,482,255
2146,482,255
2147,482,255
2148,482,255
2149,482,255
2150,482,255
2151,482,255
2152,482,255
2153,482,255
2154,482,255
2155,482,255
2156,482,255
2157,482,255
2158,482,255
2159,482,255
2160,482,255
2161,482,255
2162,482,255
2163,482,255
2164,482,255
2165,482,255
2166,482,255
2167,482,255
2168,482,255
2169,482,255
2170,482,255
2171,482,255
2172,482,255
2173,482,255
2174,482,255
2175,482,255
2176,482,255
2177,482,255
2178,482,255
2179,482,255
2180,482,255
2181,482,255
2182,482,255
2183,482,255
2184,482,255
2185,482,255
2186,482,255
2187,482,255
2188,482,255
2189,482,255
2190,482,255
2191,482,255
2192,482,255
2193,482,255
2194,482,255
2195,482,255
2196,482,255
2197,482,255
2198,482,255
2199,482,255
2200,482,255
2201,482,255
2202,482,255
2203,482,255
2204,482,255
2205,482,255
2206,482,255
2207,482,255
2208,482,255
2209,482,255
2210,482,255
2211,482,255
2212,482,255
2233,482,255
2234,482,255
2235,482,255
2236,482,255
2237,482,255
0,483,255
1,483,255
2,483,255
3,483,255
4,483,255
5,483,255
6,483,255
7,483,255
8,483,255
9,483,255
10,483,255
11,483,255
12,483,255
13,483,255
14,483,255
15,483,255
16,483,255
17,483,255
18,483,255
19,483,255
20,483,255
21,483,255
22,483,255
23,483,255
24,483,255
25,483,255
26,483,255
27,483,255
28,483,255
29,483,255
30,483,255
31,483,255
32,483,255
33,483,255
34,483,255
35,483,255
36,483,255
37,483,255
38,483,255
39,483,255
42,483,255
43,483,255
44,483,255
45,483,255
46,483,255
47,483,255
48,483,255
49,483,255
50,483,255
51,483,255
52,483,255
53,483,255
54,483,255
55,483,255
56,483,255
57,483,255
58,483,255
59,483,255
60,483,255
61,483,255
62,483,255
63,483,255
64,483,255
65,483,255
66,483,255
67,483,255
68,483,255
69,483,255
70,483,255
71,483,255
72,483,255
73,483,255
74,483,255
75,483,255
76,483,255
77,483,255
78,483,255
79,483,255
80,483,255
81,483,255
82,483,255
83,483,255
84,483,255
85,483,255
86,483,255
87,483,255
88,483,255
89,483,255
90,483,255
91,483,255
92,483,255
93,483,255
94,483,255
95,483,255
96,483,255
97,483,255
98,483,255
99,483,255
100,483,255
101,483,255
102,483,255
103,483,255
104,483,255
105,483,255
106,483,255
107,483,255
108,483,255
109,483,255
110,483,255
111,483,255
112,483,255
113,483,255
114,483,255
115,483,255
116,483,255
117,483,255
118,483,255
119,483,255
120,483,255
121,483,255
122,483,255
123,483,255
124,483,255
125,483,255
126,483,255
127,483,255
128,483,255
129,483,255
130,483,255
131,483,255
132,483,255
133,483,255
134,483,255
135,483,255
136,483,255
137,483,255
138,483,255
139,483,255
140,483,255
141,483,255
142,483,255
143,483,255
144,483,255
145,483,255
146,483,255
147,483,255
148,483,255
149,483,255
150,483,255
151,483,255
152,483,255
153,483,255
154,483,255
155,483,255
156,483,255
157,483,255
158,483,255
159,483,255
160,483,255
161,483,255
162,483,255
163,483,255
164,483,255
165,483,255
166,483,255
167,483,255
168,483,255
169,483,255
170,483,255
171,483,255
172,483,255
173,483,255
174,483,255
175,483,255
176,483,255
177,483,255
178,483,255
179,483,255
180,483,255
181,483,255
182,483,255
183,483,255
184,483,255
185,483,255
186,483,255
187,483,255
188,483,255
189,483,255
190,483,255
191,483,255
192,483,255
193,483,255
194,483,255
195,483,255
196,483,255
197,483,255
198,483,255
199,483,255
200,483,255
201,483,255
202,483,255
203,483,255
204,483,255
205,483,255
206,483,255
207,483,255
208,483,255
209,483,255
210,483,255
211,483,255
212,483,255
213,483,255
214,483,255
215,483,255
216,483,255
217,483,255
227,483,255
228,483,255
229,483,255
230,483,255
231,483,255
255,483,255
256,483,255
257,483,255
258,483,255
259,483,255
289,483,255
290,483,255
291,483,255
292,483,255
293,483,255
294,483,255
295,483,255
296,483,255
297,483,255
298,483,255
299,483,255
300,483,255
301,483,255
302,483,255
303,483,255
1185,483,255
1211,483,255
1212,483,255
1213,483,255
1214,483,255
1416,483,255
1417,483,255
1418,483,255
1419,483,255
1420,483,255
1517,483,255
1518,483,255
1519,483,255
1520,483,255
1521,483,255
1522,483,255
1545,483,255
1546,483,255
1547,483,255
1548,483,255
1549,483,255
1550,483,255
1551,483,255
1552,483,255
1553,483,255
1554,483,255
1555,483,255
1556,483,255
1557,483,255
1558,483,255
1559,483,255
1560,483,255
1561,483,255
1579,483,255
1580,483,255
1581,483,255
1582,483,255
1583,483,255
1584,483,255
1585,483,255
1586,483,255
1587,483,255
1588,483,255
1589,483,255
1590,483,255
1591,483,255
1592,483,255
1593,483,255
1594,483,255
1595,483,255
1596,483,255
1597,483,255
1598,483,255
1599,483,255
1600,483,255
1601,483,255
1602,483,255
1603,483,255
1604,483,255
1605,483,255
1606,483,255
1607,483,255
1608,483,255
1609,483,255
1610,483,255
1611,483,255
1612,483,255
1613,483,255
1614,483,255
1615,483,255
1616,483,255
1617,483,255
1618,483,255
1619,483,255
1620,483,255
1621,483,255
1622,483,255
1623,483,255
1624,483,255
1625,483,255
1626,483,255
1627,483,255
1628,483,255
1629,483,255
1630,483,255
1631,483,255
1632,483,255
1633,483,255
1634,483,255
1635,483,255
1636,483,255
1637,483,255
1638,483,255
1639,483,255
1640,483,255
1684,483,255
1685,483,255
1686,483,255
1687,483,255
1688,483,255
1689,483,255
1690,483,255
1691,483,255
1692,483,255
1693,483,255
1694,483,255
1695,483,255
1713,483,255
1714,483,255
1715,483,255
1716,483,255
1717,483,255
1718,483,255
1719,483,255
1720,483,255
1721,483,255
1722,483,255
1723,483,255
1724,483,255
1725,483,255
1727,483,255
1728,483,255
1729,483,255
1730,483,255
1731,483,255
1732,483,255
1733,483,255
1734,483,255
1735,483,255
1736,483,255
1737,483,255
1738,483,255
1739,483,255
1740,483,255
1741,483,255
1742,483,255
1743,483,255
1744,483,255
1745,483,255
1746,483,255
1747,483,255
1748,483,255
1749,483,255
1750,483,255
1751,483,255
1752,483,255
1753,483,255
1754,483,255
1755,483,255
1756,483,255
1757,483,255
1758,483,255
1759,483,255
1760,483,255
1761,483,255
1762,483,255
1763,483,255
1764,483,255
1765,483,255
1766,483,255
1767,483,255
1768,483,255
1769,483,255
1770,483,255
1771,483,255
1791,483,255
1792,483,255
1793,483,255
1794,483,255
1795,483,255
1796,483,255
1797,483,255
1798,483,255
1799,483,255
1800,483,255
1801,483,255
1802,483,255
1803,483,255
1804,483,255
1805,483,255
1841,483,255
1842,483,255
1843,483,255
1844,483,255
1845,483,255
1846,483,255
1847,483,255
1848,483,255
1849,483,255
1850,483,255
1851,483,255
1852,483,255
1853,483,255
1854,483,255
1855,483,255
1856,483,255
1857,483,255
1858,483,255
1859,483,255
1860,483,255
1861,483,255
1862,483,255
1863,483,255
1864,483,255
1865,483,255
1899,483,255
1900,483,255
1901,483,255
1902,483,255
1903,483,255
1904,483,255
1905,483,255
1906,483,255
1907,483,255
1908,483,255
1909,483,255
1910,483,255
1911,483,255
1912,483,255
1913,483,255
1914,483,255
1915,483,255
1916,483,255
1917,483,255
1918,483,255
1919,483,255
1920,483,255
1921,483,255
1922,483,255
1923,483,255
1924,483,255
1925,483,255
1926,483,255
1927,483,255
1928,483,255
1929,483,255
1930,483,255
1931,483,255
1932,483,255
1933,483,255
1934,483,255
1935,483,255
1936,483,255
1937,483,255
1938,483,255
1939,483,255
1940,483,255
1941,483,255
1942,483,255
1943,483,255
1944,483,255
1945,483,255
1959,483,255
1960,483,255
1961,483,255
1983,483,255
1984,483,255
1985,483,255
1986,483,255
1987,483,255
1988,483,255
1989,483,255
1990,483,255
1991,483,255
1992,483,255
1993,483,255
1994,483,255
1995,483,255
1996,483,255
1997,483,255
1998,483,255
1999,483,255
2000,483,255
2001,483,255
2002,483,255
2003,483,255
2004,483,255
2005,483,255
2016,483,255
2017,483,255
2018,483,255
2019,483,255
2020,483,255
2021,483,255
2022,483,255
2023,483,255
2024,483,255
2025,483,255
2026,483,255
2027,483,255
2028,483,255
2029,483,255
2030,483,255
2031,483,255
2032,483,255
2033,483,255
2034,483,255
2035,483,255
2036,483,255
2037,483,255
2038,483,255
2039,483,255
2040,483,255
2041,483,255
2042,483,255
2043,483,255
2044,483,255
2045,483,255
2046,483,255
2047,483,255
2048,483,255
2049,483,255
2050,483,255
2051,483,255
2052,483,255
2053,483,255
2054,483,255
2055,483,255
2056,483,255
2057,483,255
2058,483,255
2059,483,255
2060,483,255
2061,483,255
2072,483,255
2073,483,255
2074,483,255
2075,483,255
2076,483,255
2077,483,255
2078,483,255
2079,483,255
2080,483,255
2081,483,255
2082,483,255
2083,483,255
2084,483,255
2085,483,255
2086,483,255
2087,483,255
2088,483,255
2089,483,255
2090,483,255
2091,483,255
2092,483,255
2093,483,255
2094,483,255
2095,483,255
2096,483,255
2097,483,255
2098,483,255
2099,483,255
2100,483,255
2101,483,255
2102,483,255
2103,483,255
2104,483,255
2105,483,255
2106,483,255
2212,483,255
2213,483,255
2214,483,255
2215,483,255
2216,483,255
2217,483,255
2218,483,255
2219,483,255
2220,483,255
2221,483,255
2231,483,255
2232,483,255
2233,483,255
217,484,255
218,484,255
219,484,255
220,484,255
221,484,255
222,484,255
223,484,255
224,484,255
225,484,255
226,484,255
227,484,255
231,484,255
232,484,255
233,484,255
234,484,255
235,484,255
236,484,255
237,484,255
238,484,255
239,484,255
240,484,255
241,484,255
242,484,255
243,484,255
244,484,255
245,484,255
246,484,255
247,484,255
248,484,255
249,484,255
250,484,255
251,484,255
252,484,255
253,484,255
254,484,255
255,484,255
259,484,255
260,484,255
261,484,255
262,484,255
263,484,255
264,484,255
265,484,255
266,484,255
267,484,255
268,484,255
269,484,255
270,484,255
271,484,255
272,484,255
273,484,255
274,484,255
275,484,255
276,484,255
277,484,255
278,484,255
279,484,255
280,484,255
281,484,255
282,484,255
283,484,255
284,484,255
285,484,255
286,484,255
287,484,255
288,484,255
289,484,255
1771,484,255
1772,484,255
1773,484,255
1774,484,255
1775,484,255
1776,484,255
1777,484,255
1778,484,255
1779,484,255
1780,484,255
1781,484,255
1782,484,255
1783,484,255
1784,484,255
1785,484,255
1786,484,255
1787,484,255
1788,484,255
1789,484,255
1790,484,255
1791,484,255
1945,484,255
1946,484,255
1947,484,255
1948,484,255
1949,484,255
1950,484,255
1951,484,255
1952,484,255
1953,484,255
1954,484,255
1955,484,255
1956,484,255
1957,484,255
1958,484,255
1959,484,255
1961,484,255
1962,484,255
1963,484,255
1964,484,255
1965,484,255
1966,484,255
1967,484,255
1968,484,255
1969,484,255
1970,484,255
1971,484,255
1972,484,255
1973,484,255
1974,484,255
1975,484,255
1976,484,255
1977,484,255
1978,484,255
1979,484,255
1980,484,255
1981,484,255
1982,484,255
1983,484,255
2005,484,255
2006,484,255
2007,484,255
2008,484,255
2009,484,255
2010,484,255
2011,484,255
2012,484,255
2013,484,255
2014,484,255
2015,484,255
2016,484,255
2041,484,255
2221,484,255
2222,484,255
2223,484,255
2224,484,255
2225,484,255
2226,484,255
2227,484,255
2228,484,255
2229,484,255
2230,484,255
2231,484,255
1780,485,255
0,509,255
1,509,255
2,509,255
3,509,255
4,509,255
5,509,255
6,509,255
7,509,255
8,509,255
9,509,255
10,509,255
11,509,255
12,509,255
13,509,255
14,509,255
15,509,255
16,509,255
17,509,255
18,509,255
19,509,255
20,509,255
21,509,255
22,509,255
23,509,255
24,509,255
25,509,255
26,509,255
27,509,255
28,509,255
29,509,255
30,509,255
31,509,255
32,509,255
33,509,255
34,509,255
35,509,255
36,509,255
37,509,255
38,509,255
39,509,255
40,509,255
41,509,255
42,509,255
43,509,255
44,509,255
45,509,255
46,509,255
47,509,255
48,509,255
49,509,255
50,509,255
51,509,255
52,509,255
53,509,255
54,509,255
55,509,255
56,509,255
57,509,255
58,509,255
59,509,255
60,509,255
61,509,255
62,509,255
63,509,255
64,509,255
65,509,255
66,509,255
67,509,255
68,509,255
69,509,255
70,509,255
71,509,255
72,509,255
73,509,255
74,509,255
75,509,255
76,509,255
77,509,255
78,509,255
79,509,255
80,509,255
81,509,255
82,509,255
83,509,255
84,509,255
85,509,255
86,509,255
87,509,255
88,509,255
89,509,255
90,509,255
91,509,255
92,509,255
93,509,255
94,509,255
95,509,255
96,509,255
97,509,255
98,509,255
99,509,255
100,509,255
101,509,255
102,509,255
103,509,255
104,509,255
105,509,255
106,509,255
107,509,255
108,509,255
109,509,255
110,509,255
111,509,255
112,509,255
113,509,255
114,509,255
115,509,255
116,509,255
117,509,255
118,509,255
119,509,255
120,509,255
121,509,255
122,509,255
123,509,255
124,509,255
125,509,255
126,509,255
127,509,255
128,509,255
129,509,255
130,509,255
131,509,255
132,509,255
133,509,255
134,509,255
135,509,255
136,509,255
137,509,255
138,509,255
139,509,255
140,509,255
141,509,255
142,509,255
143,509,255
144,509,255
145,509,255
146,509,255
147,509,255
148,509,255
149,509,255
150,509,255
151,509,255
152,509,255
153,509,255
154,509,255
155,509,255
156,509,255
157,509,255
158,509,255
159,509,255
160,509,255
161,509,255
162,509,255
163,509,255
164,509,255
165,509,255
166,509,255
167,509,255
168,509,255
169,509,255
170,509,255
171,509,255
172,509,255
173,509,255
174,509,255
175,509,255
176,509,255
177,509,255
178,509,255
179,509,255
180,509,255
181,509,255
182,509,255
183,509,255
184,509,255
185,509,255
186,509,255
187,509,255
188,509,255
189,509,255
190,509,255
191,509,255
192,509,255
193,509,255
194,509,255
195,509,255
196,509,255
197,509,255
198,509,255
199,509,255
200,509,255
201,509,255
202,509,255
203,509,255
204,509,255
205,509,255
206,509,255
207,509,255
208,509,255
209,509,255
210,509,255
211,509,255
